Initial temperature;Pressure;Fi;Autoignition time;Final Temperature
1000;;;;
;101325;;;
;;0,2;99,9995;1000,084583
;;0,6;99,9995;1000,11266
;;1;99,9995;1000,118276
;;1,4;99,9995;1000,118511
;;1,8;99,9995;1000,116567
;;2,2;99,9995;1000,1136
;;2,6;99,9995;1000,110151
;;3;99,9995;1000,106504
;;3,4;99,9995;1000,102817
;;3,8;99,9995;1000,09918
;135100;;;
;;0,2;99,9995;1000,14309
;;0,6;99,9995;1000,174067
;;1;99,9995;1000,17723
;;1,4;99,9995;1000,174557
;;1,8;99,9995;1000,169756
;;2,2;99,9995;1000,16409
;;2,6;99,9995;1000,158124
;;3;99,9995;1000,152141
;;3,4;99,9995;1000,146291
;;3,8;99,9995;1000,140653
;168875;;;
;;0,2;99,9995;1000,217444
;;0,6;99,9995;1000,247876
;;1;99,9995;1000,24596
;;1,4;99,9995;1000,238596
;;1,8;99,9995;1000,229655
;;2,2;99,9995;1000,220321
;;2,6;99,9995;1000,211079
;;3;99,9995;1000,202151
;;3,4;99,9995;1000,19364
;;3,8;99,9995;1000,185585
;202650;;;
;;0,2;99,9995;1000,312737
;;0,6;99,9995;1000,33709
;;1;99,9995;1000,326414
;;1,4;99,9995;1000,312003
;;1,8;99,9995;1000,297293
;;2,2;99,9995;1000,283094
;;2,6;99,9995;1000,269659
;;3;99,9995;1000,257064
;;3,4;99,9995;1000,245306
;;3,8;99,9995;1000,234353
;236425;;;
;;0,2;99,9995;1000,435838
;;0,6;99,9995;1000,445416
;;1;99,9995;1000,420879
;;1,4;99,9995;1000,396329
;;1,8;99,9995;1000,37379
;;2,2;99,9995;1000,353256
;;2,6;99,9995;1000,334529
;;3;99,9995;1000,317412
;;3,4;99,9995;1000,301727
;;3,8;99,9995;1000,287321
;270200;;;
;;0,2;99,9995;1000,59648
;;0,6;99,9995;1000,57761
;;1;99,9995;1000,532142
;;1,4;99,9995;1000,493397
;;1,8;99,9995;1000,460427
;;2,2;99,9995;1000,431754
;;2,6;99,9995;1000,406414
;;3;99,9995;1000,383767
;;3,4;99,9995;1000,363363
;;3,8;99,9995;1000,344867
;303975;;;
;;0,2;99,9995;1000,809029
;;0,6;99,9995;1000,73991
;;1;99,9995;1000,66367
;;1,4;99,9995;1000,605395
;;1,8;99,9995;1000,5587
;;2,2;99,9995;1000,51967
;;2,6;99,9995;1000,486125
;;3;99,9995;1000,456758
;;3,4;99,9995;1000,430715
;;3,8;99,9995;1000,407398
;337750;;;
;;0,2;99,9995;1001,095742
;;0,6;99,9995;1000,940678
;;1;99,9995;1000,819843
;;1,4;99,9995;1000,734981
;;1,8;99,9995;1000,670377
;;2,2;99,9995;1000,618252
;;2,6;99,9995;1000,574588
;;3;99,9995;1000,537093
;;3,4;99,9995;1000,504336
;;3,8;99,9995;1000,475356
;371525;;;
;;0,2;99,9995;1001,493192
;;0,6;99,9995;1001,191374
;;1;99,9995;1001,006272
;;1,4;99,9995;1000,885425
;;1,8;99,9995;1000,797568
;;2,2;99,9995;1000,728958
;;2,6;99,9995;1000,672859
;;3;99,9995;1000,625566
;;3,4;99,9995;1000,584844
;;3,8;99,9995;1000,549231
;405300;;;
;;0,2;99,9995;1002,066216
;;0,6;99,9995;1001,508146
;;1;99,9995;1001,230258
;;1,4;99,9995;1001,060789
;;1,8;99,9995;1000,942814
;;2,2;99,9995;1000,853504
;;2,6;99,9995;1000,782159
;;3;99,9995;1000,723084
;;3,4;99,9995;1000,672929
;;3,8;99,9995;1000,629565
1100;;;;
;101325;;;
;;0,2;90,5995;1701,487723
;;0,6;99,9995;1104,889317
;;1;99,9995;1103,562549
;;1,4;99,9995;1102,985543
;;1,8;99,9995;1102,626762
;;2,2;99,9995;1102,367194
;;2,6;99,9995;1102,163838
;;3;99,9995;1101,996893
;;3,4;99,9995;1101,855697
;;3,8;99,9995;1101,733826
;135100;;;
;;0,2;69,7775;1701,593825
;;0,6;99,9995;1114,182355
;;1;99,9995;1107,373133
;;1,4;99,9995;1105,582857
;;1,8;99,9995;1104,649787
;;2,2;99,9995;1104,042583
;;2,6;99,9995;1103,600837
;;3;99,9995;1103,25775
;;3,4;99,9995;1102,979849
;;3,8;99,9995;1102,748149
;168875;;;
;;0,2;56,7935;1701,664931
;;0,6;93,0585;2517,970294
;;1;99,9995;1117,075345
;;1,4;99,9995;1110,507568
;;1,8;99,9995;1108,032227
;;2,2;99,9995;1106,641978
;;2,6;99,9995;1105,719102
;;3;99,9995;1105,047189
;;3,4;99,9995;1104,528802
;;3,8;99,9995;1104,112808
;202650;;;
;;0,2;47,9375;1701,719488
;;0,6;77,3735;2517,246472
;;1;99,8395;2859,140864
;;1,4;99,9995;1122,249838
;;1,8;99,9995;1114,302371
;;2,2;99,9995;1110,917329
;;2,6;99,9995;1108,956839
;;3;99,9995;1107,647047
;;3,4;99,9995;1106,696009
;;3,8;99,9995;1105,966901
;236425;;;
;;0,2;41,5255;1701,763271
;;0,6;66,0055;2521,335674
;;1;85,0365;2857,843222
;;1,4;99,9995;1217,646196
;;1,8;99,9995;1129,028296
;;2,2;99,9995;1118,782097
;;2,6;99,9995;1114,237822
;;3;99,9995;1111,58385
;;3,4;99,9995;1109,813121
;;3,8;99,9995;1108,533864
;270200;;;
;;0,2;36,6765;1701,799541
;;0,6;57,4065;2524,839082
;;1;73,8245;2867,464852
;;1,4;87,9885;2849,879791
;;1,8;99,9995;1257,491225
;;2,2;99,9995;1137,506973
;;2,6;99,9995;1123,978039
;;3;99,9995;1117,988905
;;3,4;99,9995;1114,508462
;;3,8;99,9995;1112,200923
;303975;;;
;;0,2;32,8875;1701,830307
;;0,6;50,6875;2527,84117
;;1;65,0535;2875,901641
;;1,4;77,5415;2856,069934
;;1,8;89,0195;2636,055766
;;2,2;99,9515;2401,230517
;;2,6;99,9995;1148,014743
;;3;99,9995;1129,928333
;;3,4;99,9995;1122,162474
;;3,8;99,9995;1117,712923
;337750;;;
;;0,2;29,8495;1701,856887
;;0,6;45,3045;2530,455958
;;1;58,0165;2883,407545
;;1,4;69,1505;2861,48869
;;1,8;79,4245;2638,389804
;;2,2;89,2295;2386,442327
;;2,6;98,7915;2167,10055
;;3;99,9995;1161,123846
;;3,4;99,9995;1136,679849
;;3,8;99,9995;1126,747821
;371525;;;
;;0,2;27,3595;1701,880189
;;0,6;40,9015;2532,764286
;;1;52,2545;2890,163136
;;1,4;62,2715;2866,292908
;;1,8;71,5515;2640,429917
;;2,2;80,4265;2387,282058
;;2,6;89,0915;2143,370508
;;3;97,6685;1984,076525
;;3,4;99,9995;1177,806298
;;3,8;99,9995;1144,290747
;405300;;;
;;0,2;25,2845;1701,900862
;;0,6;37,2395;2534,824716
;;1;47,4575;2896,301355
;;1,4;56,5385;2870,596999
;;1,8;64,9825;2642,234355
;;2,2;73,0765;2387,983385
;;2,6;80,9895;2142,930695
;;3;88,8255;1962,53217
;;3,4;96,6555;1843,75998
;;3,8;99,9995;1199,812291
1200;;;;
;101325;;;
;;0,2;20,0365;1793,300265
;;0,6;33,4885;2547,442881
;;1;43,3785;2822,615843
;;1,4;51,5755;2830,839347
;;1,8;58,9265;2667,295648
;;2,2;65,8455;2450,379681
;;2,6;72,5515;2225,992536
;;3;79,1695;2026,90669
;;3,4;85,7805;1879,996254
;;3,8;92,4365;1779,057563
;135100;;;
;;0,2;15,7605;1793,493463
;;0,6;26,1015;2558,112387
;;1;33,7345;2845,13734
;;1,4;40,0765;2850,514197
;;1,8;45,7755;2678,304485
;;2,2;51,1465;2455,701724
;;2,6;56,3595;2228,269106
;;3;61,5075;2018,598421
;;3,4;66,6545;1870,072381
;;3,8;71,8385;1749,855775
;168875;;;
;;0,2;13,0355;1793,631013
;;0,6;21,3815;2566,021928
;;1;27,5845;2862,468409
;;1,4;32,7545;2865,333262
;;1,8;37,4105;2686,314288
;;2,2;41,8045;2459,473172
;;2,6;46,0725;2229,783883
;;3;50,2915;2015,483183
;;3,4;54,5105;1865,392851
;;3,8;58,7615;1747,457715
;202650;;;
;;0,2;11,1385;1793,735961
;;0,6;18,0915;2572,244496
;;1;23,3035;2876,530864
;;1,4;27,6635;2877,134835
;;1,8;31,5985;2692,517048
;;2,2;35,3175;2462,336294
;;2,6;38,9315;2230,903384
;;3;42,5065;2013,8714
;;3,4;46,0825;1862,778039
;;3,8;49,6865;1748,800881
;236425;;;
;;0,2;9,7395;1793,819747
;;0,6;15,6635;2577,336405
;;1;20,1465;2888,346869
;;1,4;23,9115;2886,887047
;;1,8;27,3165;2697,523654
;;2,2;30,5395;2464,610469
;;2,6;33,6735;2231,777915
;;3;36,7745;2012,909417
;;3,4;39,8775;1861,279904
;;3,8;43,0055;1751,240189
;270200;;;
;;0,2;8,6645;1793,888819
;;0,6;13,7965;2581,621686
;;1;17,7205;2898,524837
;;1,4;21,0285;2895,161042
;;1,8;24,0275;2701,686293
;;2,2;26,8695;2466,476124
;;2,6;29,6345;2232,486844
;;3;32,3725;2012,287391
;;3,4;35,1125;1860,457655
;;3,8;37,8745;1754,035257
;303975;;;
;;0,2;7,8115;1793,947135
;;0,6;12,3155;2585,304856
;;1;15,7965;2907,456149
;;1,4;18,7435;2902,321229
;;1,8;21,4205;2705,225208
;;2,2;23,9605;2468,0442
;;2,6;26,4345;2233,077256
;;3;28,8835;2011,864639
;;3,4;31,3355;1860,067857
;;3,8;33,8075;1756,916958
;337750;;;
;;0,2;7,1195;1793,99729
;;0,6;11,1125;2588,522857
;;1;14,2335;2915,407345
;;1,4;16,8865;2908,613892
;;1,8;19,3025;2708,286626
;;2,2;21,5975;2469,387297
;;2,6;23,8335;2233,57925
;;3;26,0495;2011,567846
;;3,4;28,2675;1859,961767
;;3,8;30,5035;1759,77374
;371525;;;
;;0,2;6,5455;1794,041066
;;0,6;10,1155;2591,371633
;;1;12,9385;2922,568067
;;1,4;15,3485;2914,213013
;;1,8;17,5475;2710,9722
;;2,2;19,6395;2470,555248
;;2,6;21,6785;2234,013138
;;3;23,7005;2011,355033
;;3,4;25,7245;1860,042826
;;3,8;27,7655;1762,553966
;405300;;;
;;0,2;6,0615;1794,079734
;;0,6;9,2765;2593,920868
;;1;11,8485;2929,078011
;;1,4;14,0535;2919,245883
;;1,8;16,0705;2713,355228
;;2,2;17,9905;2471,583582
;;2,6;19,8635;2234,393212
;;3;21,7215;2011,200469
;;3,4;23,5825;1860,24602
;;3,8;25,4585;1765,231527
1300;;;;
;101325;;;
;;0,2;5,4585;1885,08816
;;0,6;8,6165;2595,416341
;;1;11,0665;2849,337808
;;1,4;13,1205;2865,885519
;;1,8;14,9715;2724,316353
;;2,2;16,7175;2524,510375
;;2,6;18,4105;2313,170955
;;3;20,0805;2103,151384
;;3,4;21,7475;1929,716995
;;3,8;23,4255;1802,707281
;135100;;;
;;0,2;4,3375;1885,440064
;;0,6;6,8425;2607,84752
;;1;8,7745;2872,986351
;;1,4;10,3945;2887,581287
;;1,8;11,8555;2737,75872
;;2,2;13,2355;2531,751948
;;2,6;14,5755;2316,478412
;;3;15,8995;2104,414492
;;3,4;17,2225;1928,334628
;;3,8;18,5545;1803,207071
;168875;;;
;;0,2;3,6235;1885,68768
;;0,6;5,6935;2617,124893
;;1;7,2915;2891,209561
;;1,4;8,6315;2904,028008
;;1,8;9,8415;2747,634904
;;2,2;10,9855;2536,938988
;;2,6;12,0985;2318,794999
;;3;13,1995;2105,284138
;;3,4;14,3005;1927,450557
;;3,8;15,4105;1804,159591
;202650;;;
;;0,2;3,1235;1885,87451
;;0,6;4,8845;2624,463018
;;1;6,2455;2906,012099
;;1,4;7,3885;2917,196777
;;1,8;8,4235;2755,342447
;;2,2;9,4025;2540,907227
;;2,6;10,3565;2320,538082
;;3;11,2995;2105,92858
;;3,4;12,2445;1926,86804
;;3,8;13,1975;1805,452109
;236425;;;
;;0,2;2,7535;1886,022063
;;0,6;4,2795;2630,49496
;;1;5,4645;2918,461368
;;1,4;6,4625;2928,129849
;;1,8;7,3655;2761,603644
;;2,2;8,2225;2544,078682
;;2,6;9,0575;2321,913113
;;3;9,8845;2106,430423
;;3,4;10,7125;1926,484327
;;3,8;11,5485;1806,979083
;270200;;;
;;0,2;2,4675;1886,142414
;;0,6;3,8105;2635,591099
;;1;4,8585;2929,19329
;;1,4;5,7425;2937,44425
;;1,8;6,5455;2766,837834
;;2,2;7,3065;2546,693737
;;2,6;8,0495;2323,034893
;;3;8,7865;2106,835359
;;3,4;9,5245;1926,237191
;;3,8;10,2695;1808,652397
;303975;;;
;;0,2;2,2385;1886,242959
;;0,6;3,4345;2639,986115
;;1;4,3725;2938,617253
;;1,4;5,1665;2945,534886
;;1,8;5,8885;2771,308836
;;2,2;6,5745;2548,901204
;;2,6;7,2435;2323,9734
;;3;7,9075;2107,170957
;;3,4;8,5735;1926,085489
;;3,8;9,2455;1810,403531
;337750;;;
;;0,2;2,0515;1886,328525
;;0,6;3,1255;2643,837679
;;1;3,9755;2947,012249
;;1,4;4,6955;2952,669417
;;1,8;5,3505;2775,19273
;;2,2;5,9745;2550,799023
;;2,6;6,5835;2324,774109
;;3;7,1875;2107,454955
;;3,4;7,7945;1926,000564
;;3,8;8,4075;1812,181801
;371525;;;
;;0,2;1,8955;1886,402421
;;0,6;2,8685;2647,256602
;;1;3,6425;2954,576901
;;1,4;4,3015;2959,03741
;;1,8;4,9015;2778,612501
;;2,2;5,4735;2552,454759
;;2,6;6,0325;2325,468046
;;3;6,5875;2107,699346
;;3,4;7,1445;1925,961833
;;3,8;7,7065;1813,951146
;405300;;;
;;0,2;1,7635;1886,467004
;;0,6;2,6495;2650,323587
;;1;3,3605;2961,457595
;;1,4;3,9675;2964,7779
;;1,8;4,5205;2781,657202
;;2,2;5,0485;2553,916798
;;2,6;5,5645;2326,077224
;;3;6,0775;2107,912563
;;3,4;6,5925;1925,954251
;;3,8;7,1125;1815,686772
1400;;;;
;101325;;;
;;0,2;1,8515;1976,082493
;;0,6;2,6065;2640,589645
;;1;3,2495;2875,626511
;;1,4;3,8015;2898,677786
;;1,8;4,3045;2777,286605
;;2,2;4,7805;2594,90373
;;2,6;5,2445;2397,506227
;;3;5,7015;2198,155923
;;3,4;6,1545;2011,532744
;;3,8;6,6105;1871,933217
;135100;;;
;;0,2;1,4645;1976,664342
;;0,6;2,0865;2654,759324
;;1;2,6075;2900,392571
;;1,4;3,0525;2922,248309
;;1,8;3,4565;2793,221438
;;2,2;3,8405;2604,350036
;;2,6;4,2145;2402,383916
;;3;4,5835;2200,267685
;;3,4;4,9505;2011,493278
;;3,8;5,3185;1871,645141
;168875;;;
;;0,2;1,2235;1977,063062
;;0,6;1,7515;2665,396909
;;1;2,1905;2919,5015
;;1,4;2,5645;2940,211059
;;1,8;2,9055;2805,035603
;;2,2;3,2285;2611,186733
;;2,6;3,5435;2405,836577
;;3;3,8545;2201,735899
;;3,4;4,1645;2011,422982
;;3,8;4,4765;1871,738679
;202650;;;
;;0,2;1,0565;1977,355921
;;0,6;1,5145;2673,851594
;;1;1,8945;2935,039502
;;1,4;2,2185;2954,658082
;;1,8;2,5135;2814,323242
;;2,2;2,7945;2616,459236
;;2,6;3,0675;2408,454258
;;3;3,3375;2202,83512
;;3,4;3,6065;2011,344612
;;3,8;3,8785;1872,11875
;236425;;;
;;0,2;0,9325;1977,580923
;;0,6;1,3385;2680,829739
;;1;1,6735;2948,11857
;;1,4;1,9595;2966,699121
;;1,8;2,2195;2821,914328
;;2,2;2,4675;2620,700673
;;2,6;2,7095;2410,531317
;;3;2,9485;2203,699168
;;3,4;3,1875;2011,266214
;;3,8;3,4285;1872,707131
;270200;;;
;;0,2;0,8385;1977,759292
;;0,6;1,2005;2686,74616
;;1;1,4995;2959,401767
;;1,4;1,7555;2976,992979
;;1,8;1,9895;2828,293699
;;2,2;2,2125;2624,217161
;;2,6;2,4295;2412,233815
;;3;2,6445;2204,402217
;;3,4;2,8595;2011,190446
;;3,8;3,0765;1873,441135
;303975;;;
;;0,2;0,7625;1977,903962
;;0,6;1,0895;2691,864547
;;1;1,3605;2969,316264
;;1,4;1,5925;2985,962341
;;1,8;1,8045;2833,768019
;;2,2;2,0065;2627,199482
;;2,6;2,2035;2413,663739
;;3;2,3995;2204,989184
;;3,4;2,5955;2011,11788
;;3,8;2,7925;1874,271713
;337750;;;
;;0,2;0,7005;1978,023334
;;0,6;0,9975;2696,36258
;;1;1,2455;2978,153361
;;1,4;1,4575;2993,894336
;;1,8;1,6515;2838,542937
;;2,2;1,8365;2629,773931
;;2,6;2,0175;2414,88776
;;3;2,1975;2205,489095
;;3,4;2,3765;2011,048299
;;3,8;2,5585;1875,161337
;371525;;;
;;0,2;0,6495;1978,123141
;;0,6;0,9215;2700,365457
;;1;1,1485;2986,12056
;;1,4;1,3445;3000,992743
;;1,8;1,5235;2842,762703
;;2,2;1,6945;2632,028078
;;2,6;1,8615;2415,951602
;;3;2,0275;2205,921672
;;3,4;2,1935;2010,981234
;;3,8;2,3615;1876,08186
;405300;;;
;;0,2;0,6055;1978,207447
;;0,6;0,8555;2703,964579
;;1;1,0665;2993,370872
;;1,4;1,2475;3007,407303
;;1,8;1,4135;2846,532172
;;2,2;1,5725;2634,02492
;;2,6;1,7285;2416,887842
;;3;1,8825;2206,30086
;;3,4;2,0365;2010,916191
;;3,8;2,1935;1877,012537
1500;;;;
;101325;;;
;;0,2;0,7655;2064,888297
;;0,6;0,9365;2683,167512
;;1;1,1075;2901,435121
;;1,4;1,2595;2929,504097
;;1,8;1,4025;2826,226139
;;2,2;1,5395;2661,032854
;;2,6;1,6745;2478,164079
;;3;1,8075;2290,932919
;;3,4;1,9385;2105,69224
;;3,8;2,0695;1951,543812
;135100;;;
;;0,2;0,5985;2065,698022
;;0,6;0,7465;2699,029161
;;1;0,8875;2927,308207
;;1,4;1,0135;2954,812559
;;1,8;1,1305;2844,634575
;;2,2;1,2435;2672,883336
;;2,6;1,3535;2484,987563
;;3;1,4625;2294,300509
;;3,4;1,5705;2107,004319
;;3,8;1,6785;1951,353451
;168875;;;
;;0,2;0,4965;2066,214885
;;0,6;0,6255;2710,99817
;;1;0,7475;2947,295736
;;1,4;0,8555;2974,183952
;;1,8;0,9555;2858,395016
;;2,2;1,0515;2681,547108
;;2,6;1,1455;2489,868824
;;3;1,2395;2296,662257
;;3,4;1,3315;2107,921714
;;3,8;1,4235;1951,319833
;202650;;;
;;0,2;0,4265;2066,56559
;;0,6;0,5415;2720,551193
;;1;0,6495;2963,564056
;;1,4;0,7435;2989,821365
;;1,8;0,8315;2869,285225
;;2,2;0,9155;2688,282127
;;2,6;0,9985;2493,599443
;;3;1,0805;2298,440675
;;3,4;1,1615;2108,610567
;;3,8;1,2425;1951,411744
;236425;;;
;;0,2;0,3755;2066,81184
;;0,6;0,4795;2728,464173
;;1;0,5755;2977,269046
;;1,4;0,6605;3002,896466
;;1,8;0,7385;2878,23654
;;2,2;0,8145;2693,735713
;;2,6;0,8885;2496,578626
;;3;0,9615;2299,844338
;;3,4;1,0335;2109,152944
;;3,8;1,1065;1951,600006
;270200;;;
;;0,2;0,3365;2066,987737
;;0,6;0,4315;2735,194205
;;1;0,5185;2989,100503
;;1,4;0,5955;3014,106375
;;1,8;0,6665;2885,79589
;;2,2;0,7345;2698,282327
;;2,6;0,8015;2499,033529
;;3;0,8675;2300,989967
;;3,4;0,9335;2109,594683
;;3,8;0,9995;1951,85979
;303975;;;
;;0,2;0,3055;2067,113843
;;0,6;0,3925;2741,032648
;;1;0,4725;2999,503142
;;1,4;0,5425;3023,89925
;;1,8;0,6075;2892,310817
;;2,2;0,6695;2702,156831
;;2,6;0,7315;2501,104653
;;3;0,7915;2301,948786
;;3,4;0,8525;2109,963683
;;3,8;0,9125;1952,170758
;337750;;;
;;0,2;0,2805;2067,20337
;;0,6;0,3605;2746,176302
;;1;0,4345;3008,78041
;;1,4;0,4985;3032,580069
;;1,8;0,5585;2898,015343
;;2,2;0,6165;2705,515556
;;2,6;0,6735;2502,884398
;;3;0,7295;2302,767101
;;3,4;0,7845;2110,27805
;;3,8;0,8405;1952,516625
;371525;;;
;;0,2;0,2605;2067,265235
;;0,6;0,3345;2750,764142
;;1;0,4025;3017,148578
;;1,4;0,4625;3040,365638
;;1,8;0,5185;2903,074233
;;2,2;0,5715;2708,467435
;;2,6;0,6245;2504,436469
;;3;0,6765;2303,476526
;;3,4;0,7285;2110,550123
;;3,8;0,7805;1952,884573
;405300;;;
;;0,2;0,2425;2067,30569
;;0,6;0,3115;2754,897831
;;1;0,3755;3024,767203
;;1,4;0,4315;3047,415514
;;1,8;0,4835;2907,607659
;;2,2;0,5335;2711,091177
;;2,6;0,5825;2505,806461
;;3;0,6315;2304,099492
;;3,4;0,6795;2110,78865
;;3,8;0,7285;1953,264652
1600;;;;
;101325;;;
;;0,2;0,3655;2148,99192
;;0,6;0,3975;2723,379243
;;1;0,4425;2926,732073
;;1,4;0,4845;2958,620278
;;1,8;0,5265;2871,325937
;;2,2;0,5685;2722,65286
;;2,6;0,6105;2554,362423
;;3;0,6525;2380,087691
;;3,4;0,6935;2205,021393
;;3,8;0,7325;2042,46708
;135100;;;
;;0,2;0,2835;2149,800232
;;0,6;0,3125;2740,874405
;;1;0,3505;2953,700645
;;1,4;0,3865;2985,543969
;;1,8;0,4215;2892,130349
;;2,2;0,4565;2737,017314
;;2,6;0,4915;2563,436549
;;3;0,5255;2385,140371
;;3,4;0,5595;2207,461497
;;3,8;0,5925;2043,036505
;168875;;;
;;0,2;0,2325;2150,213048
;;0,6;0,2595;2754,134164
;;1;0,2935;2974,558885
;;1,4;0,3245;3006,22612
;;1,8;0,3555;2907,794673
;;2,2;0,3855;2747,618753
;;2,6;0,4155;2569,998488
;;3;0,4445;2388,722167
;;3,4;0,4735;2209,163743
;;3,8;0,5025;2043,436339
;202650;;;
;;0,2;0,1985;2150,414325
;;0,6;0,2235;2764,755829
;;1;0,2535;2991,55178
;;1,4;0,2815;3022,972576
;;1,8;0,3085;2920,265644
;;2,2;0,3355;2755,922647
;;2,6;0,3615;2575,055867
;;3;0,3885;2391,440819
;;3,4;0,4135;2210,440933
;;3,8;0,4395;2043,750136
;236425;;;
;;0,2;0,1745;2150,491114
;;0,6;0,1975;2773,58131
;;1;0,2245;3005,878334
;;1,4;0,2495;3037,012277
;;1,8;0,2745;2930,568397
;;2,2;0,2985;2762,689076
;;2,6;0,3225;2579,122141
;;3;0,3455;2393,599943
;;3,4;0,3685;2211,446167
;;3,8;0,3915;2044,014654
;270200;;;
;;0,2;0,1555;2150,490036
;;0,6;0,1775;2781,107848
;;1;0,2025;3018,254651
;;1,4;0,2255;3049,077755
;;1,8;0,2475;2939,307615
;;2,2;0,2695;2768,360645
;;2,6;0,2915;2582,491944
;;3;0,3125;2395,371029
;;3,4;0,3335;2212,26462
;;3,8;0,3545;2044,247738
;303975;;;
;;0,2;0,1405;2150,438263
;;0,6;0,1615;2787,653112
;;1;0,1845;3029,142717
;;1,4;0,2055;3059,640707
;;1,8;0,2265;2946,869031
;;2,2;0,2465;2773,216537
;;2,6;0,2665;2585,348802
;;3;0,2865;2396,8595
;;3,4;0,3055;2212,948056
;;3,8;0,3245;2044,458606
;337750;;;
;;0,2;0,1285;2150,352625
;;0,6;0,1485;2793,432106
;;1;0,1695;3038,857953
;;1,4;0,1895;3069,022599
;;1,8;0,2085;2953,513296
;;2,2;0,2275;2777,443523
;;2,6;0,2455;2587,81415
;;3;0,2645;2398,13433
;;3,4;0,2825;2213,530052
;;3,8;0,3005;2044,652235
;371525;;;
;;0,2;0,1195;2150,244037
;;0,6;0,1375;2798,596938
;;1;0,1575;3047,625281
;;1,4;0,1755;3077,452266
;;1,8;0,1935;2959,424504
;;2,2;0,2115;2781,17233
;;2,6;0,2285;2589,972156
;;3;0,2455;2399,242861
;;3,4;0,2625;2214,033497
;;3,8;0,2795;2044,831421
;405300;;;
;;0,2;0,1105;2150,119836
;;0,6;0,1275;2803,259068
;;1;0,1465;3055,610717
;;1,4;0,1645;3085,098328
;;1,8;0,1815;2964,737318
;;2,2;0,1975;2784,497795
;;2,6;0,2135;2591,883346
;;3;0,2295;2400,21884
;;3,4;0,2455;2214,474624
;;3,8;0,2615;2044,997804
1700;;;;
;101325;;;
;;0,2;0,1935;2225,39726
;;0,6;0,1935;2761,453601
;;1;0,2035;2951,498197
;;1,4;0,2165;2986,246178
;;1,8;0,2295;2912,882795
;;2,2;0,2435;2779,757161
;;2,6;0,2575;2625,646721
;;3;0,2725;2464,60232
;;3,4;0,2865;2301,270292
;;3,8;0,2985;2140,783548
;135100;;;
;;0,2;0,1485;2226,007552
;;0,6;0,1495;2780,519877
;;1;0,1595;2979,549624
;;1,4;0,1695;3014,677446
;;1,8;0,1815;2935,96751
;;2,2;0,1925;2796,663824
;;2,6;0,2045;2637,183199
;;3;0,2165;2471,731517
;;3,4;0,2285;2305,15828
;;3,8;0,2385;2142,45987
;168875;;;
;;0,2;0,1215;2226,239953
;;0,6;0,1235;2795,024719
;;1;0,1325;3001,26985
;;1,4;0,1415;3036,583662
;;1,8;0,1515;2953,458174
;;2,2;0,1615;2809,248906
;;2,6;0,1715;2645,613817
;;3;0,1815;2476,842319
;;3,4;0,1915;2307,895654
;;3,8;0,2005;2143,612014
;202650;;;
;;0,2;0,1025;2226,301756
;;0,6;0,1055;2806,679872
;;1;0,1135;3018,980917
;;1,4;0,1215;3054,36645
;;1,8;0,1305;2967,455826
;;2,2;0,1395;2819,175228
;;2,6;0,1485;2652,165407
;;3;0,1575;2480,754768
;;3,4;0,1665;2309,962936
;;3,8;0,1745;2144,464353
;236425;;;
;;0,2;0,0895;2226,281699
;;0,6;0,0925;2816,38988
;;1;0,0995;3033,924142
;;1,4;0,1075;3069,308098
;;1,8;0,1155;2979,071573
;;2,2;0,1235;2827,311052
;;2,6;0,1315;2657,469025
;;3;0,1405;2483,883284
;;3,4;0,1475;2311,598368
;;3,8;0,1555;2145,126684
;270200;;;
;;0,2;0,0795;2226,22227
;;0,6;0,0825;2824,690144
;;1;0,0895;3046,841471
;;1,4;0,0965;3082,174115
;;1,8;0,1035;2988,96321
;;2,2;0,1115;2834,164858
;;2,6;0,1185;2661,889601
;;3;0,1265;2486,464075
;;3,4;0,1335;2312,935716
;;3,8;0,1405;2145,659763
;303975;;;
;;0,2;0,0725;2226,145275
;;0,6;0,0745;2831,923362
;;1;0,0815;3058,211875
;;1,4;0,0875;3093,458103
;;1,8;0,0945;2997,55171
;;2,2;0,1015;2840,058974
;;2,6;0,1085;2665,655957
;;3;0,1155;2488,643448
;;3,4;0,1225;2314,056808
;;3,8;0,1285;2146,100239
;337750;;;
;;0,2;0,0655;2226,062386
;;0,6;0,0685;2838,321869
;;1;0,0745;3068,362556
;;1,4;0,0805;3103,49687
;;1,8;0,0875;3005,122366
;;2,2;0,0935;2845,209983
;;2,6;0,0995;2668,920371
;;3;0,1065;2490,517736
;;3,4;0,1125;2315,014963
;;3,8;0,1185;2146,471691
;371525;;;
;;0,2;0,0605;2225,979971
;;0,6;0,0635;2844,050288
;;1;0,0695;3077,526957
;;1,4;0,0745;3112,53044
;;1,8;0,0805;3011,877211
;;2,2;0,0865;2849,770076
;;2,6;0,0925;2671,788926
;;3;0,0985;2492,153424
;;3,4;0,1045;2315,846643
;;3,8;0,1105;2146,790078
;405300;;;
;;0,2;0,0565;2225,901479
;;0,6;0,0595;2849,229419
;;1;0,0645;3085,877464
;;1,4;0,0695;3120,735863
;;1,8;0,0755;3017,964396
;;2,2;0,0815;2853,850064
;;2,6;0,0865;2674,338258
;;3;0,0925;2493,598142
;;3,4;0,0985;2316,577763
;;3,8;0,1035;2147,066645
1800;;;;
;101325;;;
;;0,2;0,1095;2294,919081
;;0,6;0,1035;2797,604932
;;1;0,1055;2975,72447
;;1,4;0,1095;3012,56788
;;1,8;0,1135;2951,244331
;;2,2;0,1185;2832,512854
;;2,6;0,1245;2691,876852
;;3;0,1305;2543,815582
;;3,4;0,1355;2392,738493
;;3,8;0,1405;2241,071562
;135100;;;
;;0,2;0,0835;2296,4144
;;0,6;0,0795;2818,180875
;;1;0,0815;3004,845021
;;1,4;0,0845;3042,413182
;;1,8;0,0885;2976,473779
;;2,2;0,0925;2851,925153
;;2,6;0,0975;2705,988679
;;3;0,1025;2553,324493
;;3,4;0,1065;2398,534607
;;3,8;0,1105;2244,233066
;168875;;;
;;0,2;0,0685;2297,533772
;;0,6;0,0655;2833,884604
;;1;0,0665;3027,417644
;;1,4;0,0695;3065,467741
;;1,8;0,0735;2995,69275
;;2,2;0,0765;2866,485674
;;2,6;0,0805;2716,402212
;;3;0,0845;2560,218416
;;3,4;0,0885;2402,662211
;;3,8;0,0915;2246,45022
;202650;;;
;;0,2;0,0575;2298,453349
;;0,6;0,0555;2846,536712
;;1;0,0565;3045,839779
;;1,4;0,0595;3084,223017
;;1,8;0,0625;3011,142851
;;2,2;0,0655;2878,041747
;;2,6;0,0695;2724,558052
;;3;0,0735;2565,542302
;;3,4;0,0765;2405,805981
;;3,8;0,0795;2248,1189
;236425;;;
;;0,2;0,0505;2299,246463
;;0,6;0,0485;2857,101382
;;1;0,0495;3061,3942
;;1,4;0,0525;3100,011312
;;1,8;0,0545;3024,013687
;;2,2;0,0575;2887,563431
;;2,6;0,0615;2731,203273
;;3;0,0645;2569,829868
;;3,4;0,0675;2408,309605
;;3,8;0,0705;2249,435041
;270200;;;
;;0,2;0,0445;2299,949538
;;0,6;0,0425;2866,150371
;;1;0,0445;3074,848201
;;1,4;0,0465;3113,629041
;;1,8;0,0495;3035,011646
;;2,2;0,0515;2895,621552
;;2,6;0,0545;2736,772852
;;3;0,0575;2573,387965
;;3,4;0,0605;2410,367933
;;3,8;0,0625;2250,508435
;303975;;;
;;0,2;0,0395;2300,583312
;;0,6;0,0385;2874,05024
;;1;0,0405;3086,697429
;;1,4;0,0425;3125,590329
;;1,8;0,0445;3044,590015
;;2,2;0,0475;2902,579485
;;2,6;0,0495;2741,541136
;;3;0,0525;2576,408039
;;3,4;0,0555;2412,101119
;;3,8;0,0575;2251,406121
;337750;;;
;;0,2;0,0365;2301,160939
;;0,6;0,0355;2881,049859
;;1;0,0365;3097,280667
;;1,4;0,0385;3136,246354
;;1,8;0,0405;3053,056725
;;2,2;0,0435;2908,682313
;;2,6;0,0455;2745,691647
;;3;0,0485;2579,016945
;;3,4;0,0505;2413,587982
;;3,8;0,0525;2252,171705
;371525;;;
;;0,2;0,0335;2301,6915
;;0,6;0,0325;2887,3258
;;1;0,0335;3106,839736
;;1,4;0,0355;3145,84762
;;1,8;0,0375;3060,630324
;;2,2;0,0405;2914,102839
;;2,6;0,0425;2749,352824
;;3;0,0445;2581,302716
;;3,4;0,0475;2414,88274
;;3,8;0,0495;2252,834959
;405300;;;
;;0,2;0,0305;2302,181686
;;0,6;0,0305;2893,007781
;;1;0,0315;3115,553289
;;1,4;0,0335;3154,579068
;;1,8;0,0355;3067,4714
;;2,2;0,0375;2918,967275
;;2,6;0,0395;2752,617844
;;3;0,0415;2583,328729
;;3,4;0,0435;2416,024124
;;3,8;0,0455;2253,41701
1900;;;;
;101325;;;
;;0,2;0,0665;2363,304346
;;0,6;0,0595;2832,027025
;;1;0,0595;2999,410201
;;1,4;0,0605;3037,742244
;;1,8;0,0625;2986,769077
;;2,2;0,0645;2881,197674
;;2,6;0,0675;2753,157006
;;3;0,0705;2617,438252
;;3,4;0,0725;2478,532759
;;3,8;0,0745;2338,200292
;135100;;;
;;0,2;0,0505;2367,199518
;;0,6;0,0455;2854,054719
;;1;0,0455;3029,585091
;;1,4;0,0465;3068,920459
;;1,8;0,0485;3014,00151
;;2,2;0,0495;2903,033246
;;2,6;0,0525;2769,870554
;;3;0,0545;2629,520434
;;3,4;0,0565;2486,618187
;;3,8;0,0575;2343,13195
;168875;;;
;;0,2;0,0405;2370,163575
;;0,6;0,0375;2870,913134
;;1;0,0375;3052,999666
;;1,4;0,0385;3093,057528
;;1,8;0,0395;3034,841999
;;2,2;0,0405;2919,520591
;;2,6;0,0425;2782,312328
;;3;0,0445;2638,374242
;;3,4;0,0465;2492,444487
;;3,8;0,0475;2346,626977
;202650;;;
;;0,2;0,0345;2372,524772
;;0,6;0,0315;2884,526721
;;1;0,0315;3072,12505
;;1,4;0,0325;3112,729636
;;1,8;0,0335;3051,660357
;;2,2;0,0345;2932,677795
;;2,6;0,0365;2792,125961
;;3;0,0385;2645,269841
;;3,4;0,0395;2496,922519
;;3,8;0,0405;2349,279276
;236425;;;
;;0,2;0,0295;2374,464996
;;0,6;0,0275;2895,916615
;;1;0,0275;3088,284586
;;1,4;0,0285;3129,316236
;;1,8;0,0295;3065,717862
;;2,2;0,0305;2943,569563
;;2,6;0,0315;2800,169692
;;3;0,0335;2650,862121
;;3,4;0,0345;2500,514889
;;3,8;0,0355;2351,385458
;270200;;;
;;0,2;0,0265;2376,096712
;;0,6;0,0245;2905,689318
;;1;0,0245;3102,270396
;;1,4;0,0255;3143,642872
;;1,8;0,0265;3077,765337
;;2,2;0,0275;2952,824932
;;2,6;0,0285;2806,94613
;;3;0,0295;2655,530539
;;3,4;0,0315;2503,486336
;;3,8;0,0315;2353,112999
;303975;;;
;;0,2;0,0235;2377,494306
;;0,6;0,0215;2914,234207
;;1;0,0215;3114,594479
;;1,4;0,0225;3156,243007
;;1,8;0,0235;3088,285645
;;2,2;0,0245;2960,845751
;;2,6;0,0255;2812,773884
;;3;0,0275;2659,513427
;;3,4;0,0285;2506,001392
;;3,8;0,0285;2354,564828
;337750;;;
;;0,2;0,0215;2378,709332
;;0,6;0,0195;2921,815975
;;1;0,0195;3125,606981
;;1,4;0,0205;3167,481357
;;1,8;0,0215;3097,607468
;;2,2;0,0225;2967,903909
;;2,6;0,0235;2817,86704
;;3;0,0245;2662,969626
;;3,4;0,0255;2508,168707
;;3,8;0,0265;2355,808268
;371525;;;
;;0,2;0,0195;2379,778813
;;0,6;0,0185;2928,622625
;;1;0,0185;3135,557955
;;1,4;0,0185;3177,618298
;;1,8;0,0195;3105,964509
;;2,2;0,0205;2974,191666
;;2,6;0,0215;2822,376035
;;3;0,0225;2666,00994
;;3,4;0,0235;2510,063458
;;3,8;0,0245;2356,889517
;405300;;;
;;0,2;0,0185;2380,730096
;;0,6;0,0165;2934,792419
;;1;0,0175;3144,63221
;;1,4;0,0175;3186,8462
;;1,8;0,0185;3113,528782
;;2,2;0,0195;2979,849815
;;2,6;0,0205;2826,410405
;;3;0,0215;2668,714508
;;3,4;0,0225;2511,739622
;;3,8;0,0225;2357,841504
